{
	"partitions" : [
		{
			"name" : "Top",
			"pins" : [
				{
					"name" : "d_out[0]",
					"strict" : false
				},
				{
					"name" : "d_out[1]",
					"strict" : false
				},
				{
					"name" : "d_out[2]",
					"strict" : false
				},
				{
					"name" : "d_out[3]",
					"strict" : false
				},
				{
					"name" : "d_out[4]",
					"strict" : false
				},
				{
					"name" : "d_out[5]",
					"strict" : false
				},
				{
					"name" : "d_out[6]",
					"strict" : false
				},
				{
					"name" : "d_out[7]",
					"strict" : false
				},
				{
					"name" : "clk_i",
					"strict" : false
				},
				{
					"name" : "arst_i",
					"strict" : false
				},
				{
					"name" : "vent_X",
					"strict" : false
				}
			]
		}
	]
}